numero_documento;tipo_documento;nombres_usuario;apellidos_usuario;direccion_usuario;telefono_fijo;celular;email;log_user;password;clave;fk_id_rol;fk_codigo_dane
1412;1;GRUPO ASD;El Encanto;SIN INFORMACION;9999999;9999999999;grupoasd123@grupoasd.com.co;1412;;1412;4;1412
1574;1;GRUPO ASD;La Chorrera;SIN INFORMACION;9999999;9999999999;grupoasd123@grupoasd.com.co;1574;;1574;4;1574
1496;1;GRUPO ASD;La Pedrera;SIN INFORMACION;9999999;9999999999;grupoasd123@grupoasd.com.co;1496;;1496;4;1496
1498;1;GRUPO ASD;Leticia;SIN INFORMACION;9999999;9999999999;grupoasd123@grupoasd.com.co;1498;;1498;4;1498
1381;1;GRUPO ASD;Puerto Santander;SIN INFORMACION;9999999;9999999999;grupoasd123@grupoasd.com.co;1381;;1381;4;1381
1497;1;GRUPO ASD;Puerto Narino;SIN INFORMACION;9999999;9999999999;grupoasd123@grupoasd.com.co;1497;;1497;4;1497
1617;1;GRUPO ASD;Tarapaca;SIN INFORMACION;9999999;9999999999;grupoasd123@grupoasd.com.co;1617;;1617;4;1617
1449;1;GRUPO ASD;Amaga;SIN INFORMACION;9999999;9999999999;grupoasd123@grupoasd.com.co;1449;;1449;4;1449
1448;1;GRUPO ASD;Andes;SIN INFORMACION;9999999;9999999999;grupoasd123@grupoasd.com.co;1448;;1448;4;1448
1416;1;GRUPO ASD;Arboletes;SIN INFORMACION;9999999;9999999999;grupoasd123@grupoasd.com.co;1416;;1416;4;1416
1652;1;GRUPO ASD;Carepa;SIN INFORMACION;9999999;9999999999;grupoasd123@grupoasd.com.co;1652;;1652;4;1652
1345;1;GRUPO ASD;Caucasia;SIN INFORMACION;9999999;9999999999;grupoasd123@grupoasd.com.co;1345;;1345;4;1345
1547;1;GRUPO ASD;Cisneros;SIN INFORMACION;9999999;9999999999;grupoasd123@grupoasd.com.co;1547;;1547;4;1547
3064;1;GRUPO ASD;Cocorna;SIN INFORMACION;9999999;9999999999;grupoasd123@grupoasd.com.co;3064;;3064;4;3064
1502;1;GRUPO ASD;Concordia;SIN INFORMACION;9999999;9999999999;grupoasd123@grupoasd.com.co;1502;;1502;4;1502
1657;1;GRUPO ASD;Copacabana;SIN INFORMACION;9999999;9999999999;grupoasd123@grupoasd.com.co;1657;;1657;4;1657
1485;1;GRUPO ASD;El Bagre;SIN INFORMACION;9999999;9999999999;grupoasd123@grupoasd.com.co;1485;;1485;4;1485
1656;1;GRUPO ASD;Ituango;SIN INFORMACION;9999999;9999999999;grupoasd123@grupoasd.com.co;1656;;1656;4;1656
1618;1;GRUPO ASD;La Pintada;SIN INFORMACION;9999999;9999999999;grupoasd123@grupoasd.com.co;1618;;1618;4;1618
1655;1;GRUPO ASD;Marinilla;SIN INFORMACION;9999999;9999999999;grupoasd123@grupoasd.com.co;1655;;1655;4;1655
1569;1;GRUPO ASD;Murindo;SIN INFORMACION;9999999;9999999999;grupoasd123@grupoasd.com.co;1569;;1569;4;1569
3071;1;GRUPO ASD;Necocli;SIN INFORMACION;9999999;9999999999;grupoasd123@grupoasd.com.co;3071;;3071;4;3071
1621;1;GRUPO ASD;Puerto Berrio;SIN INFORMACION;9999999;9999999999;grupoasd123@grupoasd.com.co;1621;;1621;4;1621
1570;1;GRUPO ASD;Remedios;SIN INFORMACION;9999999;9999999999;grupoasd123@grupoasd.com.co;1570;;1570;4;1570
1503;1;GRUPO ASD;Santa Rosa De Osos;SIN INFORMACION;9999999;9999999999;grupoasd123@grupoasd.com.co;1503;;1503;4;1503
3001;1;GRUPO ASD;Santafe de Antioquia;SIN INFORMACION;9999999;9999999999;grupoasd123@grupoasd.com.co;3001;;3001;4;3001
1620;1;GRUPO ASD;Sonson;SIN INFORMACION;9999999;9999999999;grupoasd123@grupoasd.com.co;1620;;1620;4;1620
1654;1;GRUPO ASD;Uramita;SIN INFORMACION;9999999;9999999999;grupoasd123@grupoasd.com.co;1654;;1654;4;1654
1533;1;GRUPO ASD;Vigia Del Fuerte;SIN INFORMACION;9999999;9999999999;grupoasd123@grupoasd.com.co;1533;;1533;4;1533
1499;1;GRUPO ASD;Yarumal;SIN INFORMACION;9999999;9999999999;grupoasd123@grupoasd.com.co;1499;;1499;4;1499
1619;1;GRUPO ASD;Yolombo;SIN INFORMACION;9999999;9999999999;grupoasd123@grupoasd.com.co;1619;;1619;4;1619
1437;1;GRUPO ASD;Yondo;SIN INFORMACION;9999999;9999999999;grupoasd123@grupoasd.com.co;1437;;1437;4;1437
1575;1;GRUPO ASD;Apartado;SIN INFORMACION;9999999;9999999999;grupoasd123@grupoasd.com.co;1575;;1575;4;1575
1550;1;GRUPO ASD;Arauca;SIN INFORMACION;9999999;9999999999;grupoasd123@grupoasd.com.co;1550;;1550;4;1550
1649;1;GRUPO ASD;Arauquita;SIN INFORMACION;9999999;9999999999;grupoasd123@grupoasd.com.co;1649;;1649;4;1649
2005;1;GRUPO ASD;Cravo Norte - Arauca;SIN INFORMACION;9999999;9999999999;grupoasd123@grupoasd.com.co;2005;;2005;4;2005
1611;1;GRUPO ASD;Fortul;SIN INFORMACION;9999999;9999999999;grupoasd123@grupoasd.com.co;1611;;1611;4;1611
1375;1;GRUPO ASD;Puerto Rondon;SIN INFORMACION;9999999;9999999999;grupoasd123@grupoasd.com.co;1375;;1375;4;1375
1450;1;GRUPO ASD;Saravena;SIN INFORMACION;9999999;9999999999;grupoasd123@grupoasd.com.co;1450;;1450;4;1450
1650;1;GRUPO ASD;Tame;SIN INFORMACION;9999999;9999999999;grupoasd123@grupoasd.com.co;1650;;1650;4;1650
1595;1;GRUPO ASD;Armenia;SIN INFORMACION;9999999;9999999999;grupoasd123@grupoasd.com.co;1595;;1595;4;1595
1624;1;GRUPO ASD;Baranoa;SIN INFORMACION;9999999;9999999999;grupoasd123@grupoasd.com.co;1624;;1624;4;1624
1505;1;GRUPO ASD;Campo De La Cruz;SIN INFORMACION;9999999;9999999999;grupoasd123@grupoasd.com.co;1505;;1505;4;1505
1382;1;GRUPO ASD;Juan De Acosta;SIN INFORMACION;9999999;9999999999;grupoasd123@grupoasd.com.co;1382;;1382;4;1382
1451;1;GRUPO ASD;Sabanagrande;SIN INFORMACION;9999999;9999999999;grupoasd123@grupoasd.com.co;1451;;1451;4;1451
1551;1;GRUPO ASD;Sabanalarga;SIN INFORMACION;9999999;9999999999;grupoasd123@grupoasd.com.co;1551;;1551;4;1551
1365;1;GRUPO ASD;Barrancabermeja;SIN INFORMACION;9999999;9999999999;grupoasd123@grupoasd.com.co;1365;;1365;4;1365
1506;1;GRUPO ASD;Barranquilla - Metropolitana;SIN INFORMACION;9999999;9999999999;grupoasd123@grupoasd.com.co;1506;;1506;4;1506
1578;1;GRUPO ASD;Barranquilla - Norte Centro Historico;SIN INFORMACION;9999999;9999999999;grupoasd123@grupoasd.com.co;1578;;1578;4;1578
1418;1;GRUPO ASD;Barranquilla - Riomar;SIN INFORMACION;9999999;9999999999;grupoasd123@grupoasd.com.co;1418;;1418;4;1418
1452;1;GRUPO ASD;Barranquilla - Suroccidente;SIN INFORMACION;9999999;9999999999;grupoasd123@grupoasd.com.co;1452;;1452;4;1452
1507;1;GRUPO ASD;Barranquilla - Suroriente;SIN INFORMACION;9999999;9999999999;grupoasd123@grupoasd.com.co;1507;;1507;4;1507
1417;1;GRUPO ASD;Bello;SIN INFORMACION;9999999;9999999999;grupoasd123@grupoasd.com.co;1417;;1417;4;1417
1456;1;GRUPO ASD;Bogota - 01 Usaquen;SIN INFORMACION;9999999;9999999999;grupoasd123@grupoasd.com.co;1456;;1456;4;1456
1579;1;GRUPO ASD;Bogota - 02 Chapinero;SIN INFORMACION;9999999;9999999999;grupoasd123@grupoasd.com.co;1579;;1579;4;1579
1510;1;GRUPO ASD;Bogota - 05 Usme;SIN INFORMACION;9999999;9999999999;grupoasd123@grupoasd.com.co;1510;;1510;4;1510
1625;1;GRUPO ASD;Bogota - 06 Tunjuelito;SIN INFORMACION;9999999;9999999999;grupoasd123@grupoasd.com.co;1625;;1625;4;1625
1453;1;GRUPO ASD;Bogota - 07 Bosa;SIN INFORMACION;9999999;9999999999;grupoasd123@grupoasd.com.co;1453;;1453;4;1453
1419;1;GRUPO ASD;Bogota - 08 Kennedy;SIN INFORMACION;9999999;9999999999;grupoasd123@grupoasd.com.co;1419;;1419;4;1419
1509;1;GRUPO ASD;Bogota - 09 Fontibon;SIN INFORMACION;9999999;9999999999;grupoasd123@grupoasd.com.co;1509;;1509;4;1509
1580;1;GRUPO ASD;Bogota - 10 Engativa;SIN INFORMACION;9999999;9999999999;grupoasd123@grupoasd.com.co;1580;;1580;4;1580
1384;1;GRUPO ASD;Bogota - 11 Suba;SIN INFORMACION;9999999;9999999999;grupoasd123@grupoasd.com.co;1384;;1384;4;1384
1348;1;GRUPO ASD;Bogota - 12 Barrios Unidos;SIN INFORMACION;9999999;9999999999;grupoasd123@grupoasd.com.co;1348;;1348;4;1348
1581;1;GRUPO ASD;Bogota - 14 Los Martires;SIN INFORMACION;9999999;9999999999;grupoasd123@grupoasd.com.co;1581;;1581;4;1581
1508;1;GRUPO ASD;Bogota - 15 Antonio Narino;SIN INFORMACION;9999999;9999999999;grupoasd123@grupoasd.com.co;1508;;1508;4;1508
1454;1;GRUPO ASD;Bogota - 16 Puente Aranda;SIN INFORMACION;9999999;9999999999;grupoasd123@grupoasd.com.co;1454;;1454;4;1454
1552;1;GRUPO ASD;Bogota - 17 La Candelaria;SIN INFORMACION;9999999;9999999999;grupoasd123@grupoasd.com.co;1552;;1552;4;1552
1350;1;GRUPO ASD;Bogota - 18 Rafael Uribe;SIN INFORMACION;9999999;9999999999;grupoasd123@grupoasd.com.co;1350;;1350;4;1350
1349;1;GRUPO ASD;Bogota - 19 Ciudad Bolivar;SIN INFORMACION;9999999;9999999999;grupoasd123@grupoasd.com.co;1349;;1349;4;1349
1455;1;GRUPO ASD;Bogota - 4 San Cristobal;SIN INFORMACION;9999999;9999999999;grupoasd123@grupoasd.com.co;1455;;1455;4;1455
1402;1;GRUPO ASD;Achi;SIN INFORMACION;9999999;9999999999;grupoasd123@grupoasd.com.co;1402;;1402;4;1402
1457;1;GRUPO ASD;El Carmen De Bolivar;SIN INFORMACION;9999999;9999999999;grupoasd123@grupoasd.com.co;1457;;1457;4;1457
1626;1;GRUPO ASD;Mompos;SIN INFORMACION;9999999;9999999999;grupoasd123@grupoasd.com.co;1626;;1626;4;1626
1438;1;GRUPO ASD;San Pablo;SIN INFORMACION;9999999;9999999999;grupoasd123@grupoasd.com.co;1438;;1438;4;1438
1420;1;GRUPO ASD;Simiti;SIN INFORMACION;9999999;9999999999;grupoasd123@grupoasd.com.co;1420;;1420;4;1420
1385;1;GRUPO ASD;Turbaco;SIN INFORMACION;9999999;9999999999;grupoasd123@grupoasd.com.co;1385;;1385;4;1385
1421;1;GRUPO ASD;Chiquinquira;SIN INFORMACION;9999999;9999999999;grupoasd123@grupoasd.com.co;1421;;1421;4;1421
1386;1;GRUPO ASD;Garagoa;SIN INFORMACION;9999999;9999999999;grupoasd123@grupoasd.com.co;1386;;1386;4;1386
1403;1;GRUPO ASD;Paipa;SIN INFORMACION;9999999;9999999999;grupoasd123@grupoasd.com.co;1403;;1403;4;1403
1511;1;GRUPO ASD;Puerto Boyaca;SIN INFORMACION;9999999;9999999999;grupoasd123@grupoasd.com.co;1511;;1511;4;1511
1352;1;GRUPO ASD;Ramiriqui;SIN INFORMACION;9999999;9999999999;grupoasd123@grupoasd.com.co;1352;;1352;4;1352
1555;1;GRUPO ASD;Soata;SIN INFORMACION;9999999;9999999999;grupoasd123@grupoasd.com.co;1555;;1555;4;1555
1607;1;GRUPO ASD;Tibasosa;SIN INFORMACION;9999999;9999999999;grupoasd123@grupoasd.com.co;1607;;1607;4;1607
1554;1;GRUPO ASD;Tunja - Punto 2;SIN INFORMACION;9999999;9999999999;grupoasd123@grupoasd.com.co;1554;;1554;4;1554
1532;1;GRUPO ASD;Bucaramanga Ntra. Sra. Del Pilar;SIN INFORMACION;9999999;9999999999;grupoasd123@grupoasd.com.co;1532;;1532;4;1532
1481;1;GRUPO ASD;Bucaramanga Salesiano Eloy. V.;SIN INFORMACION;9999999;9999999999;grupoasd123@grupoasd.com.co;1481;;1481;4;1481
1433;1;GRUPO ASD;IE Camacho  Carreno;SIN INFORMACION;9999999;9999999999;grupoasd123@grupoasd.com.co;1433;;1433;4;1433
1377;1;GRUPO ASD;Buenaventura;SIN INFORMACION;9999999;9999999999;grupoasd123@grupoasd.com.co;1377;;1377;4;1377
1492;1;GRUPO ASD;Buga;SIN INFORMACION;9999999;9999999999;grupoasd123@grupoasd.com.co;1492;;1492;4;1492
1423;1;GRUPO ASD;La Dorada;SIN INFORMACION;9999999;9999999999;grupoasd123@grupoasd.com.co;1423;;1423;4;1423
1512;1;GRUPO ASD;Manizales - Gobernacion 1;SIN INFORMACION;9999999;9999999999;grupoasd123@grupoasd.com.co;1512;;1512;4;1512
1486;1;GRUPO ASD;Norcasia;SIN INFORMACION;9999999;9999999999;grupoasd123@grupoasd.com.co;1486;;1486;4;1486
1640;1;GRUPO ASD;Pensilvania;SIN INFORMACION;9999999;9999999999;grupoasd123@grupoasd.com.co;1640;;1640;4;1640
1366;1;GRUPO ASD;Salamina;SIN INFORMACION;9999999;9999999999;grupoasd123@grupoasd.com.co;1366;;1366;4;1366
1910;1;GRUPO ASD;Samana;SIN INFORMACION;9999999;9999999999;grupoasd123@grupoasd.com.co;1910;;1910;4;1910
3002;1;GRUPO ASD;Supia;SIN INFORMACION;9999999;9999999999;grupoasd123@grupoasd.com.co;3002;;3002;4;3002
3003;1;GRUPO ASD;Viterbo;SIN INFORMACION;9999999;9999999999;grupoasd123@grupoasd.com.co;3003;;3003;4;3003
1378;1;GRUPO ASD;Cali - Centro;SIN INFORMACION;9999999;9999999999;grupoasd123@grupoasd.com.co;1378;;1378;4;1378
1446;1;GRUPO ASD;Cali - Nororiente;SIN INFORMACION;9999999;9999999999;grupoasd123@grupoasd.com.co;1446;;1446;4;1446
1494;1;GRUPO ASD;Cali - Norte;SIN INFORMACION;9999999;9999999999;grupoasd123@grupoasd.com.co;1494;;1494;4;1494
1415;1;GRUPO ASD;Cali - Oriente;SIN INFORMACION;9999999;9999999999;grupoasd123@grupoasd.com.co;1415;;1415;4;1415
1447;1;GRUPO ASD;Cali - Sur;SIN INFORMACION;9999999;9999999999;grupoasd123@grupoasd.com.co;1447;;1447;4;1447
1615;1;GRUPO ASD;Cali - Suroriente;SIN INFORMACION;9999999;9999999999;grupoasd123@grupoasd.com.co;1615;;1615;4;1615
1439;1;GRUPO ASD;Cartagena Del Chaira;SIN INFORMACION;9999999;9999999999;grupoasd123@grupoasd.com.co;1439;;1439;4;1439
1354;1;GRUPO ASD;El Doncello;SIN INFORMACION;9999999;9999999999;grupoasd123@grupoasd.com.co;1354;;1354;4;1354
1556;1;GRUPO ASD;Florencia - Punto 2;SIN INFORMACION;9999999;9999999999;grupoasd123@grupoasd.com.co;1556;;1556;4;1556
1424;1;GRUPO ASD;San Jose Del Fragua;SIN INFORMACION;9999999;9999999999;grupoasd123@grupoasd.com.co;1424;;1424;4;1424
1641;1;GRUPO ASD;San Vicente Del Caguan;SIN INFORMACION;9999999;9999999999;grupoasd123@grupoasd.com.co;1641;;1641;4;1641
1367;1;GRUPO ASD;Solano;SIN INFORMACION;9999999;9999999999;grupoasd123@grupoasd.com.co;1367;;1367;4;1367
1404;1;GRUPO ASD;Solita;SIN INFORMACION;9999999;9999999999;grupoasd123@grupoasd.com.co;1404;;1404;4;1404
1459;1;GRUPO ASD;Valparaiso;SIN INFORMACION;9999999;9999999999;grupoasd123@grupoasd.com.co;1459;;1459;4;1459
1425;1;GRUPO ASD;Cartagena - Country;SIN INFORMACION;9999999;9999999999;grupoasd123@grupoasd.com.co;1425;;1425;4;1425
1460;1;GRUPO ASD;Cartagena - Industrial Y De Bahia;SIN INFORMACION;9999999;9999999999;grupoasd123@grupoasd.com.co;1460;;1460;4;1460
1583;1;GRUPO ASD;Cartagena - Rural;SIN INFORMACION;9999999;9999999999;grupoasd123@grupoasd.com.co;1583;;1583;4;1583
1461;1;GRUPO ASD;Cartagena - Santa Rita;SIN INFORMACION;9999999;9999999999;grupoasd123@grupoasd.com.co;1461;;1461;4;1461
1514;1;GRUPO ASD;Cartagena - Virgen Y De Turismo;SIN INFORMACION;9999999;9999999999;grupoasd123@grupoasd.com.co;1514;;1514;4;1514
1493;1;GRUPO ASD;Cartago (Certificado);SIN INFORMACION;9999999;9999999999;grupoasd123@grupoasd.com.co;1493;;1493;4;1493
1516;1;GRUPO ASD;Aguazul;SIN INFORMACION;9999999;9999999999;grupoasd123@grupoasd.com.co;1516;;1516;4;1516
1411;1;GRUPO ASD;Orocue;SIN INFORMACION;9999999;9999999999;grupoasd123@grupoasd.com.co;1411;;1411;4;1411
1557;1;GRUPO ASD;Paz De Ariporo;SIN INFORMACION;9999999;9999999999;grupoasd123@grupoasd.com.co;1557;;1557;4;1557
1541;1;GRUPO ASD;San Luis De Palenque;SIN INFORMACION;9999999;9999999999;grupoasd123@grupoasd.com.co;1541;;1541;4;1541
1489;1;GRUPO ASD;Villanueva - Casanare;SIN INFORMACION;9999999;9999999999;grupoasd123@grupoasd.com.co;1489;;1489;4;1489
1515;1;GRUPO ASD;Yopal (Departamental);SIN INFORMACION;9999999;9999999999;grupoasd123@grupoasd.com.co;1515;;1515;4;1515
1609;1;GRUPO ASD;Argelia;SIN INFORMACION;9999999;9999999999;grupoasd123@grupoasd.com.co;1609;;1609;4;1609
2002;1;GRUPO ASD;Oficina De Direccion De Nucleo Educativo - Alcaldia Municipal Bolivar Cauca;SIN INFORMACION;9999999;9999999999;grupoasd123@grupoasd.com.co;2002;;2002;4;2002
3091;1;GRUPO ASD;Buenos Aires;SIN INFORMACION;9999999;9999999999;grupoasd123@grupoasd.com.co;3091;;3091;4;3091
1368;1;GRUPO ASD;Corinto;SIN INFORMACION;9999999;9999999999;grupoasd123@grupoasd.com.co;1368;;1368;4;1368
1517;1;GRUPO ASD;Guapi;SIN INFORMACION;9999999;9999999999;grupoasd123@grupoasd.com.co;1517;;1517;4;1517
1463;1;GRUPO ASD;Inza;SIN INFORMACION;9999999;9999999999;grupoasd123@grupoasd.com.co;1463;;1463;4;1463
1584;1;GRUPO ASD;La Vega;SIN INFORMACION;9999999;9999999999;grupoasd123@grupoasd.com.co;1584;;1584;4;1584
1518;1;GRUPO ASD;Lopez;SIN INFORMACION;9999999;9999999999;grupoasd123@grupoasd.com.co;1518;;1518;4;1518
1405;1;GRUPO ASD;Miranda;SIN INFORMACION;9999999;9999999999;grupoasd123@grupoasd.com.co;1405;;1405;4;1405
1440;1;GRUPO ASD;Paez;SIN INFORMACION;9999999;9999999999;grupoasd123@grupoasd.com.co;1440;;1440;4;1440
1519;1;GRUPO ASD;Patia;SIN INFORMACION;9999999;9999999999;grupoasd123@grupoasd.com.co;1519;;1519;4;1519
1487;1;GRUPO ASD;Piamonte;SIN INFORMACION;9999999;9999999999;grupoasd123@grupoasd.com.co;1487;;1487;4;1487
1426;1;GRUPO ASD;Popayan - Punto 2;SIN INFORMACION;9999999;9999999999;grupoasd123@grupoasd.com.co;1426;;1426;4;1426
1653;1;GRUPO ASD;Puerto Tejada;SIN INFORMACION;9999999;9999999999;grupoasd123@grupoasd.com.co;1653;;1653;4;1653
3090;1;GRUPO ASD;Rosas;SIN INFORMACION;9999999;9999999999;grupoasd123@grupoasd.com.co;3090;;3090;4;3090
1642;1;GRUPO ASD;San Sebastian;SIN INFORMACION;9999999;9999999999;grupoasd123@grupoasd.com.co;1642;;1642;4;1642
1462;1;GRUPO ASD;Santander De Quilichao;SIN INFORMACION;9999999;9999999999;grupoasd123@grupoasd.com.co;1462;;1462;4;1462
1355;1;GRUPO ASD;Timbiqui;SIN INFORMACION;9999999;9999999999;grupoasd123@grupoasd.com.co;1355;;1355;4;1355
2001;1;GRUPO ASD;Oficina De Direccion De Nucleo Educativo - Alcaldia Municipal Toribio Cauca;SIN INFORMACION;9999999;9999999999;grupoasd123@grupoasd.com.co;2001;;2001;4;2001
1465;1;GRUPO ASD;Aguachica;SIN INFORMACION;9999999;9999999999;grupoasd123@grupoasd.com.co;1465;;1465;4;1465
1643;1;GRUPO ASD;Bosconia;SIN INFORMACION;9999999;9999999999;grupoasd123@grupoasd.com.co;1643;;1643;4;1643
1464;1;GRUPO ASD;Curumani;SIN INFORMACION;9999999;9999999999;grupoasd123@grupoasd.com.co;1464;;1464;4;1464
1630;1;GRUPO ASD;La Paz;SIN INFORMACION;9999999;9999999999;grupoasd123@grupoasd.com.co;1630;;1630;4;1630
1645;1;GRUPO ASD;Chia;SIN INFORMACION;9999999;9999999999;grupoasd123@grupoasd.com.co;1645;;1645;4;1645
1536;1;GRUPO ASD;Acandi;SIN INFORMACION;9999999;9999999999;grupoasd123@grupoasd.com.co;1536;;1536;4;1536
1488;1;GRUPO ASD;Bahia Solano;SIN INFORMACION;9999999;9999999999;grupoasd123@grupoasd.com.co;1488;;1488;4;1488
1537;1;GRUPO ASD;Bajo Baudo;SIN INFORMACION;9999999;9999999999;grupoasd123@grupoasd.com.co;1537;;1537;4;1537
1538;1;GRUPO ASD;Bojaya;SIN INFORMACION;9999999;9999999999;grupoasd123@grupoasd.com.co;1538;;1538;4;1538
2003;1;GRUPO ASD;El Litoral Del San Juan - Ie Ramon Lozano Garces;SIN INFORMACION;9999999;9999999999;grupoasd123@grupoasd.com.co;2003;;2003;4;2003
1559;1;GRUPO ASD;Istmina;SIN INFORMACION;9999999;9999999999;grupoasd123@grupoasd.com.co;1559;;1559;4;1559
1427;1;GRUPO ASD;Medio Baudo;SIN INFORMACION;9999999;9999999999;grupoasd123@grupoasd.com.co;1427;;1427;4;1427
1612;1;GRUPO ASD;Nuqui;SIN INFORMACION;9999999;9999999999;grupoasd123@grupoasd.com.co;1612;;1612;4;1612
1357;1;GRUPO ASD;Quibdo - Zona 2;SIN INFORMACION;9999999;9999999999;grupoasd123@grupoasd.com.co;1357;;1357;4;1357
1356;1;GRUPO ASD;Riosucio;SIN INFORMACION;9999999;9999999999;grupoasd123@grupoasd.com.co;1356;;1356;4;1356
1585;1;GRUPO ASD;Tado;SIN INFORMACION;9999999;9999999999;grupoasd123@grupoasd.com.co;1585;;1585;4;1585
1370;1;GRUPO ASD;Unguia;SIN INFORMACION;9999999;9999999999;grupoasd123@grupoasd.com.co;1370;;1370;4;1370
1471;1;GRUPO ASD;Cienaga;SIN INFORMACION;9999999;9999999999;grupoasd123@grupoasd.com.co;1471;;1471;4;1471
3070;1;GRUPO ASD;Ayapel;SIN INFORMACION;9999999;9999999999;grupoasd123@grupoasd.com.co;3070;;3070;4;3070
1466;1;GRUPO ASD;Cerete;SIN INFORMACION;9999999;9999999999;grupoasd123@grupoasd.com.co;1466;;1466;4;1466
1388;1;GRUPO ASD;Chinu;SIN INFORMACION;9999999;9999999999;grupoasd123@grupoasd.com.co;1388;;1388;4;1388
1560;1;GRUPO ASD;Montelibano;SIN INFORMACION;9999999;9999999999;grupoasd123@grupoasd.com.co;1560;;1560;4;1560
1631;1;GRUPO ASD;Monteria - Punto Departamental;SIN INFORMACION;9999999;9999999999;grupoasd123@grupoasd.com.co;1631;;1631;4;1631
3072;1;GRUPO ASD;Puerto Escondido;SIN INFORMACION;9999999;9999999999;grupoasd123@grupoasd.com.co;3072;;3072;4;3072
1644;1;GRUPO ASD;Puerto Libertador;SIN INFORMACION;9999999;9999999999;grupoasd123@grupoasd.com.co;1644;;1644;4;1644
1441;1;GRUPO ASD;Tierralta;SIN INFORMACION;9999999;9999999999;grupoasd123@grupoasd.com.co;1441;;1441;4;1441
1610;1;GRUPO ASD;Valencia;SIN INFORMACION;9999999;9999999999;grupoasd123@grupoasd.com.co;1610;;1610;4;1610
1475;1;GRUPO ASD;Cucuta - Centro;SIN INFORMACION;9999999;9999999999;grupoasd123@grupoasd.com.co;1475;;1475;4;1475
1594;1;GRUPO ASD;Cucuta - Guaimaral;SIN INFORMACION;9999999;9999999999;grupoasd123@grupoasd.com.co;1594;;1594;4;1594
1395;1;GRUPO ASD;Cucuta - Libertadores;SIN INFORMACION;9999999;9999999999;grupoasd123@grupoasd.com.co;1395;;1395;4;1395
1362;1;GRUPO ASD;Cucuta - Popular;SIN INFORMACION;9999999;9999999999;grupoasd123@grupoasd.com.co;1362;;1362;4;1362
1432;1;GRUPO ASD;Cucuta - Tucunare;SIN INFORMACION;9999999;9999999999;grupoasd123@grupoasd.com.co;1432;;1432;4;1432
1391;1;GRUPO ASD;Caqueza;SIN INFORMACION;9999999;9999999999;grupoasd123@grupoasd.com.co;1391;;1391;4;1391
1586;1;GRUPO ASD;Choconta;SIN INFORMACION;9999999;9999999999;grupoasd123@grupoasd.com.co;1586;;1586;4;1586
1522;1;GRUPO ASD;Gacheta;SIN INFORMACION;9999999;9999999999;grupoasd123@grupoasd.com.co;1522;;1522;4;1522
1523;1;GRUPO ASD;Girardot (Punto 2 - Departamental);SIN INFORMACION;9999999;9999999999;grupoasd123@grupoasd.com.co;1523;;1523;4;1523
1561;1;GRUPO ASD;Guaduas;SIN INFORMACION;9999999;9999999999;grupoasd123@grupoasd.com.co;1561;;1561;4;1561
1588;1;GRUPO ASD;La Mesa;SIN INFORMACION;9999999;9999999999;grupoasd123@grupoasd.com.co;1588;;1588;4;1588
1587;1;GRUPO ASD;Pacho;SIN INFORMACION;9999999;9999999999;grupoasd123@grupoasd.com.co;1587;;1587;4;1587
1390;1;GRUPO ASD;San Juan De Rio Seco;SIN INFORMACION;9999999;9999999999;grupoasd123@grupoasd.com.co;1390;;1390;4;1390
1589;1;GRUPO ASD;Silvania;SIN INFORMACION;9999999;9999999999;grupoasd123@grupoasd.com.co;1589;;1589;4;1589
1633;1;GRUPO ASD;Soacha (Punto 2 - Departamental);SIN INFORMACION;9999999;9999999999;grupoasd123@grupoasd.com.co;1633;;1633;4;1633
1469;1;GRUPO ASD;Ubate;SIN INFORMACION;9999999;9999999999;grupoasd123@grupoasd.com.co;1469;;1469;4;1469
1389;1;GRUPO ASD;Villeta;SIN INFORMACION;9999999;9999999999;grupoasd123@grupoasd.com.co;1389;;1389;4;1389
1468;1;GRUPO ASD;Zipaquira (Punto 2 - Departamental);SIN INFORMACION;9999999;9999999999;grupoasd123@grupoasd.com.co;1468;;1468;4;1468
1530;1;GRUPO ASD;Dos Quebradas;SIN INFORMACION;9999999;9999999999;grupoasd123@grupoasd.com.co;1530;;1530;4;1530
1627;1;GRUPO ASD;Duitama - Zona Centro;SIN INFORMACION;9999999;9999999999;grupoasd123@grupoasd.com.co;1627;;1627;4;1627
1623;1;GRUPO ASD;Envigado;SIN INFORMACION;9999999;9999999999;grupoasd123@grupoasd.com.co;1623;;1623;4;1623
1562;1;GRUPO ASD;Facatativa;SIN INFORMACION;9999999;9999999999;grupoasd123@grupoasd.com.co;1562;;1562;4;1562
1629;1;GRUPO ASD;Florencia - Punto 1;SIN INFORMACION;9999999;9999999999;grupoasd123@grupoasd.com.co;1629;;1629;4;1629
1599;1;GRUPO ASD;Floridablanca;SIN INFORMACION;9999999;9999999999;grupoasd123@grupoasd.com.co;1599;;1599;4;1599
1563;1;GRUPO ASD;Fusagasuga;SIN INFORMACION;9999999;9999999999;grupoasd123@grupoasd.com.co;1563;;1563;4;1563
1467;1;GRUPO ASD;Girardot;SIN INFORMACION;9999999;9999999999;grupoasd123@grupoasd.com.co;1467;;1467;4;1467
1600;1;GRUPO ASD;Giron;SIN INFORMACION;9999999;9999999999;grupoasd123@grupoasd.com.co;1600;;1600;4;1600
2006;1;GRUPO ASD;Barranco Minas -Guainia;SIN INFORMACION;9999999;9999999999;grupoasd123@grupoasd.com.co;2006;;2006;4;2006
1393;1;GRUPO ASD;Inirida;SIN INFORMACION;9999999;9999999999;grupoasd123@grupoasd.com.co;1393;;1393;4;1393
1359;1;GRUPO ASD;Calamar;SIN INFORMACION;9999999;9999999999;grupoasd123@grupoasd.com.co;1359;;1359;4;1359
1358;1;GRUPO ASD;El Retorno;SIN INFORMACION;9999999;9999999999;grupoasd123@grupoasd.com.co;1358;;1358;4;1358
2007;1;GRUPO ASD;Miraflores - Guaviare;SIN INFORMACION;9999999;9999999999;grupoasd123@grupoasd.com.co;2007;;2007;4;2007
1429;1;GRUPO ASD;San Jose Del Guaviare;SIN INFORMACION;9999999;9999999999;grupoasd123@grupoasd.com.co;1429;;1429;4;1429
3089;1;GRUPO ASD;Altamira;SIN INFORMACION;9999999;9999999999;grupoasd123@grupoasd.com.co;3089;;3089;4;3089
1590;1;GRUPO ASD;Garzon;SIN INFORMACION;9999999;9999999999;grupoasd123@grupoasd.com.co;1590;;1590;4;1590
1564;1;GRUPO ASD;La Plata;SIN INFORMACION;9999999;9999999999;grupoasd123@grupoasd.com.co;1564;;1564;4;1564
1591;1;GRUPO ASD;Palermo;SIN INFORMACION;9999999;9999999999;grupoasd123@grupoasd.com.co;1591;;1591;4;1591
1634;1;GRUPO ASD;Pitalito;SIN INFORMACION;9999999;9999999999;grupoasd123@grupoasd.com.co;1634;;1634;4;1634
1602;1;GRUPO ASD;Ibague Punto 1;SIN INFORMACION;9999999;9999999999;grupoasd123@grupoasd.com.co;1602;;1602;4;1602
1344;1;GRUPO ASD;Ipiales;SIN INFORMACION;9999999;9999999999;grupoasd123@grupoasd.com.co;1344;;1344;4;1344
1346;1;GRUPO ASD;Itagui;SIN INFORMACION;9999999;9999999999;grupoasd123@grupoasd.com.co;1346;;1346;4;1346
1540;1;GRUPO ASD;Jamundi;SIN INFORMACION;9999999;9999999999;grupoasd123@grupoasd.com.co;1540;;1540;4;1540
1635;1;GRUPO ASD;Barrancas;SIN INFORMACION;9999999;9999999999;grupoasd123@grupoasd.com.co;1635;;1635;4;1635
1394;1;GRUPO ASD;Fonseca;SIN INFORMACION;9999999;9999999999;grupoasd123@grupoasd.com.co;1394;;1394;4;1394
3075;1;GRUPO ASD;Manaure;SIN INFORMACION;9999999;9999999999;grupoasd123@grupoasd.com.co;3075;;3075;4;3075
1911;1;GRUPO ASD;Riohacha - Departamental;SIN INFORMACION;9999999;9999999999;grupoasd123@grupoasd.com.co;1911;;1911;4;1911
1470;1;GRUPO ASD;Villanueva - La Guajira;SIN INFORMACION;9999999;9999999999;grupoasd123@grupoasd.com.co;1470;;1470;4;1470
1428;1;GRUPO ASD;Lorica;SIN INFORMACION;9999999;9999999999;grupoasd123@grupoasd.com.co;1428;;1428;4;1428
1553;1;GRUPO ASD;Magangue ;SIN INFORMACION;9999999;9999999999;grupoasd123@grupoasd.com.co;1553;;1553;4;1553
1351;1;GRUPO ASD;El Banco;SIN INFORMACION;9999999;9999999999;grupoasd123@grupoasd.com.co;1351;;1351;4;1351
1361;1;GRUPO ASD;Fundacion;SIN INFORMACION;9999999;9999999999;grupoasd123@grupoasd.com.co;1361;;1361;4;1361
1360;1;GRUPO ASD;Plato;SIN INFORMACION;9999999;9999999999;grupoasd123@grupoasd.com.co;1360;;1360;4;1360
1592;1;GRUPO ASD;Salamina - Magdalena;SIN INFORMACION;9999999;9999999999;grupoasd123@grupoasd.com.co;1592;;1592;4;1592
1593;1;GRUPO ASD;Santa Ana;SIN INFORMACION;9999999;9999999999;grupoasd123@grupoasd.com.co;1593;;1593;4;1593
3073;1;GRUPO ASD;Zona Bananera;SIN INFORMACION;9999999;9999999999;grupoasd123@grupoasd.com.co;3073;;3073;4;3073
1525;1;GRUPO ASD;Maicao;SIN INFORMACION;9999999;9999999999;grupoasd123@grupoasd.com.co;1525;;1525;4;1525
1534;1;GRUPO ASD;Malambo;SIN INFORMACION;9999999;9999999999;grupoasd123@grupoasd.com.co;1534;;1534;4;1534
1513;1;GRUPO ASD;Manizales;SIN INFORMACION;9999999;9999999999;grupoasd123@grupoasd.com.co;1513;;1513;4;1513
1504;1;GRUPO ASD;Medellin - Zona Centro Occidental;SIN INFORMACION;9999999;9999999999;grupoasd123@grupoasd.com.co;1504;;1504;4;1504
1577;1;GRUPO ASD;Medellin - Zona Centro Oriental;SIN INFORMACION;9999999;9999999999;grupoasd123@grupoasd.com.co;1577;;1577;4;1577
1576;1;GRUPO ASD;Medellin - Zona Nor Occidental;SIN INFORMACION;9999999;9999999999;grupoasd123@grupoasd.com.co;1576;;1576;4;1576
1549;1;GRUPO ASD;Medellin - Zona Nor Oriental;SIN INFORMACION;9999999;9999999999;grupoasd123@grupoasd.com.co;1549;;1549;4;1549
1622;1;GRUPO ASD;Medellin - Zona Sur Oriental;SIN INFORMACION;9999999;9999999999;grupoasd123@grupoasd.com.co;1622;;1622;4;1622
1636;1;GRUPO ASD;Granada;SIN INFORMACION;9999999;9999999999;grupoasd123@grupoasd.com.co;1636;;1636;4;1636
1406;1;GRUPO ASD;La Macarena;SIN INFORMACION;9999999;9999999999;grupoasd123@grupoasd.com.co;1406;;1406;4;1406
1371;1;GRUPO ASD;Uribe;SIN INFORMACION;9999999;9999999999;grupoasd123@grupoasd.com.co;1371;;1371;4;1371
1407;1;GRUPO ASD;Puerto Concordia;SIN INFORMACION;9999999;9999999999;grupoasd123@grupoasd.com.co;1407;;1407;4;1407
1646;1;GRUPO ASD;Puerto Gaitan;SIN INFORMACION;9999999;9999999999;grupoasd123@grupoasd.com.co;1646;;1646;4;1646
1442;1;GRUPO ASD;Puerto Lopez;SIN INFORMACION;9999999;9999999999;grupoasd123@grupoasd.com.co;1442;;1442;4;1442
1372;1;GRUPO ASD;Puerto Rico;SIN INFORMACION;9999999;9999999999;grupoasd123@grupoasd.com.co;1372;;1372;4;1372
1430;1;GRUPO ASD;Villavicencio (Departamental);SIN INFORMACION;9999999;9999999999;grupoasd123@grupoasd.com.co;1430;;1430;4;1430
1632;1;GRUPO ASD;Monteria - Punto Municipal;SIN INFORMACION;9999999;9999999999;grupoasd123@grupoasd.com.co;1632;;1632;4;1632
1369;1;GRUPO ASD;Mosquera;SIN INFORMACION;9999999;9999999999;grupoasd123@grupoasd.com.co;1369;;1369;4;1369
1495;1;GRUPO ASD;Barbacoas;SIN INFORMACION;9999999;9999999999;grupoasd123@grupoasd.com.co;1495;;1495;4;1495
1343;1;GRUPO ASD;El Charco;SIN INFORMACION;9999999;9999999999;grupoasd123@grupoasd.com.co;1343;;1343;4;1343
1380;1;GRUPO ASD;Ipiales (Departamental);SIN INFORMACION;9999999;9999999999;grupoasd123@grupoasd.com.co;1380;;1380;4;1380
1544;1;GRUPO ASD;La Cruz;SIN INFORMACION;9999999;9999999999;grupoasd123@grupoasd.com.co;1544;;1544;4;1544
1545;1;GRUPO ASD;La Union;SIN INFORMACION;9999999;9999999999;grupoasd123@grupoasd.com.co;1545;;1545;4;1545
1572;1;GRUPO ASD;Pasto (Departamental);SIN INFORMACION;9999999;9999999999;grupoasd123@grupoasd.com.co;1572;;1572;4;1572
1379;1;GRUPO ASD;Policarpa;SIN INFORMACION;9999999;9999999999;grupoasd123@grupoasd.com.co;1379;;1379;4;1379
1616;1;GRUPO ASD;Samaniego;SIN INFORMACION;9999999;9999999999;grupoasd123@grupoasd.com.co;1616;;1616;4;1616
1573;1;GRUPO ASD;Sandona;SIN INFORMACION;9999999;9999999999;grupoasd123@grupoasd.com.co;1573;;1573;4;1573
1546;1;GRUPO ASD;Tuquerres;SIN INFORMACION;9999999;9999999999;grupoasd123@grupoasd.com.co;1546;;1546;4;1546
1524;1;GRUPO ASD;Neiva;SIN INFORMACION;9999999;9999999999;grupoasd123@grupoasd.com.co;1524;;1524;4;1524
3061;1;GRUPO ASD;Cachira;SIN INFORMACION;9999999;9999999999;grupoasd123@grupoasd.com.co;3061;;3061;4;3061
1526;1;GRUPO ASD;Chinacota;SIN INFORMACION;9999999;9999999999;grupoasd123@grupoasd.com.co;1526;;1526;4;1526
1566;1;GRUPO ASD;Los Patios;SIN INFORMACION;9999999;9999999999;grupoasd123@grupoasd.com.co;1566;;1566;4;1566
1473;1;GRUPO ASD;Ocana;SIN INFORMACION;9999999;9999999999;grupoasd123@grupoasd.com.co;1473;;1473;4;1473
1474;1;GRUPO ASD;Pamplona;SIN INFORMACION;9999999;9999999999;grupoasd123@grupoasd.com.co;1474;;1474;4;1474
1431;1;GRUPO ASD;Salazar;SIN INFORMACION;9999999;9999999999;grupoasd123@grupoasd.com.co;1431;;1431;4;1431
1912;1;GRUPO ASD;Tibu;SIN INFORMACION;9999999;9999999999;grupoasd123@grupoasd.com.co;1912;;1912;4;1912
1341;1;GRUPO ASD;Palmira (Certificado);SIN INFORMACION;9999999;9999999999;grupoasd123@grupoasd.com.co;1341;;1341;4;1341
1543;1;GRUPO ASD;Pasto (Punto 1);SIN INFORMACION;9999999;9999999999;grupoasd123@grupoasd.com.co;1543;;1543;4;1543
1342;1;GRUPO ASD;Pasto (Punto 2);SIN INFORMACION;9999999;9999999999;grupoasd123@grupoasd.com.co;1342;;1342;4;1342
1596;1;GRUPO ASD;Pereira;SIN INFORMACION;9999999;9999999999;grupoasd123@grupoasd.com.co;1596;;1596;4;1596
1539;1;GRUPO ASD;Piedecuesta;SIN INFORMACION;9999999;9999999999;grupoasd123@grupoasd.com.co;1539;;1539;4;1539
2000;1;GRUPO ASD;Pitalito - Municipal;SIN INFORMACION;9999999;9999999999;grupoasd123@grupoasd.com.co;2000;;2000;4;2000
1520;1;GRUPO ASD;Popayan - Punto 1;SIN INFORMACION;9999999;9999999999;grupoasd123@grupoasd.com.co;1520;;1520;4;1520
1476;1;GRUPO ASD;Mocoa ;SIN INFORMACION;9999999;9999999999;grupoasd123@grupoasd.com.co;1476;;1476;4;1476
1542;1;GRUPO ASD;Orito;SIN INFORMACION;9999999;9999999999;grupoasd123@grupoasd.com.co;1542;;1542;4;1542
1396;1;GRUPO ASD;Puerto Leguizamo;SIN INFORMACION;9999999;9999999999;grupoasd123@grupoasd.com.co;1396;;1396;4;1396
1528;1;GRUPO ASD;Puerto Asis;SIN INFORMACION;9999999;9999999999;grupoasd123@grupoasd.com.co;1528;;1528;4;1528
1651;1;GRUPO ASD;Puerto Guzman;SIN INFORMACION;9999999;9999999999;grupoasd123@grupoasd.com.co;1651;;1651;4;1651
1527;1;GRUPO ASD;Sibundoy;SIN INFORMACION;9999999;9999999999;grupoasd123@grupoasd.com.co;1527;;1527;4;1527
1443;1;GRUPO ASD;Valle Del Guamuez(La Hormiga);SIN INFORMACION;9999999;9999999999;grupoasd123@grupoasd.com.co;1443;;1443;4;1443
1639;1;GRUPO ASD;Quibdo - Zona 1;SIN INFORMACION;9999999;9999999999;grupoasd123@grupoasd.com.co;1639;;1639;4;1639
1529;1;GRUPO ASD;Armenia (Departamental);SIN INFORMACION;9999999;9999999999;grupoasd123@grupoasd.com.co;1529;;1529;4;1529
1565;1;GRUPO ASD;Riohacha;SIN INFORMACION;9999999;9999999999;grupoasd123@grupoasd.com.co;1565;;1565;4;1565
1548;1;GRUPO ASD;Rionegro;SIN INFORMACION;9999999;9999999999;grupoasd123@grupoasd.com.co;1548;;1548;4;1548
1373;1;GRUPO ASD;Belen De Umbria;SIN INFORMACION;9999999;9999999999;grupoasd123@grupoasd.com.co;1373;;1373;4;1373
1477;1;GRUPO ASD;Pereira (Departamental);SIN INFORMACION;9999999;9999999999;grupoasd123@grupoasd.com.co;1477;;1477;4;1477
1647;1;GRUPO ASD;Pueblo Rico;SIN INFORMACION;9999999;9999999999;grupoasd123@grupoasd.com.co;1647;;1647;4;1647
1408;1;GRUPO ASD;Quinchia;SIN INFORMACION;9999999;9999999999;grupoasd123@grupoasd.com.co;1408;;1408;4;1408
1501;1;GRUPO ASD;Sabaneta;SIN INFORMACION;9999999;9999999999;grupoasd123@grupoasd.com.co;1501;;1501;4;1501
1521;1;GRUPO ASD;Sahagun;SIN INFORMACION;9999999;9999999999;grupoasd123@grupoasd.com.co;1521;;1521;4;1521
1397;1;GRUPO ASD;Providencia;SIN INFORMACION;9999999;9999999999;grupoasd123@grupoasd.com.co;1397;;1397;4;1397
1597;1;GRUPO ASD;San Andres;SIN INFORMACION;9999999;9999999999;grupoasd123@grupoasd.com.co;1597;;1597;4;1597
1637;1;GRUPO ASD;Santa Marta;SIN INFORMACION;9999999;9999999999;grupoasd123@grupoasd.com.co;1637;;1637;4;1637
1399;1;GRUPO ASD;Barbosa;SIN INFORMACION;9999999;9999999999;grupoasd123@grupoasd.com.co;1399;;1399;4;1399
1531;1;GRUPO ASD;Bucaramanga (Departamental 1);SIN INFORMACION;9999999;9999999999;grupoasd123@grupoasd.com.co;1531;;1531;4;1531
1363;1;GRUPO ASD;Bucaramanga (Departamental 2);SIN INFORMACION;9999999;9999999999;grupoasd123@grupoasd.com.co;1363;;1363;4;1363
1398;1;GRUPO ASD;Bucaramanga (Departamental 3);SIN INFORMACION;9999999;9999999999;grupoasd123@grupoasd.com.co;1398;;1398;4;1398
1598;1;GRUPO ASD;Bucaramanga (Departamental 4);SIN INFORMACION;9999999;9999999999;grupoasd123@grupoasd.com.co;1598;;1598;4;1598
1478;1;GRUPO ASD;Bucaramanga (Departamental 5);SIN INFORMACION;9999999;9999999999;grupoasd123@grupoasd.com.co;1478;;1478;4;1478
2004;1;GRUPO ASD;Cimitarra - Santander;SIN INFORMACION;9999999;9999999999;grupoasd123@grupoasd.com.co;2004;;2004;4;2004
1364;1;GRUPO ASD;Malaga;SIN INFORMACION;9999999;9999999999;grupoasd123@grupoasd.com.co;1364;;1364;4;1364
3067;1;GRUPO ASD;Ocamote;SIN INFORMACION;9999999;9999999999;grupoasd123@grupoasd.com.co;3067;;3067;4;3067
1409;1;GRUPO ASD;Puerto Parra;SIN INFORMACION;9999999;9999999999;grupoasd123@grupoasd.com.co;1409;;1409;4;1409
1410;1;GRUPO ASD;Puerto Wilches;SIN INFORMACION;9999999;9999999999;grupoasd123@grupoasd.com.co;1410;;1410;4;1410
1479;1;GRUPO ASD;San Gil;SIN INFORMACION;9999999;9999999999;grupoasd123@grupoasd.com.co;1479;;1479;4;1479
1480;1;GRUPO ASD;Socorro;SIN INFORMACION;9999999;9999999999;grupoasd123@grupoasd.com.co;1480;;1480;4;1480
3069;1;GRUPO ASD;Velez;SIN INFORMACION;9999999;9999999999;grupoasd123@grupoasd.com.co;3069;;3069;4;3069
1435;1;GRUPO ASD;Sincelejo;SIN INFORMACION;9999999;9999999999;grupoasd123@grupoasd.com.co;1435;;1435;4;1435
1392;1;GRUPO ASD;Soacha;SIN INFORMACION;9999999;9999999999;grupoasd123@grupoasd.com.co;1392;;1392;4;1392
1387;1;GRUPO ASD;Sogamoso;SIN INFORMACION;9999999;9999999999;grupoasd123@grupoasd.com.co;1387;;1387;4;1387
1383;1;GRUPO ASD;Soledad;SIN INFORMACION;9999999;9999999999;grupoasd123@grupoasd.com.co;1383;;1383;4;1383
1400;1;GRUPO ASD;Majagual;SIN INFORMACION;9999999;9999999999;grupoasd123@grupoasd.com.co;1400;;1400;4;1400
1571;1;GRUPO ASD;San Benito Abad;SIN INFORMACION;9999999;9999999999;grupoasd123@grupoasd.com.co;1571;;1571;4;1571
1601;1;GRUPO ASD;San Marcos;SIN INFORMACION;9999999;9999999999;grupoasd123@grupoasd.com.co;1601;;1601;4;1601
1434;1;GRUPO ASD;Sincelejo (Departamental);SIN INFORMACION;9999999;9999999999;grupoasd123@grupoasd.com.co;1434;;1434;4;1434
1648;1;GRUPO ASD;Sucre - Sucre;SIN INFORMACION;9999999;9999999999;grupoasd123@grupoasd.com.co;1648;;1648;4;1648
3000;1;GRUPO ASD;Ataco;SIN INFORMACION;9999999;9999999999;grupoasd123@grupoasd.com.co;3000;;3000;4;3000
1603;1;GRUPO ASD;Chaparral;SIN INFORMACION;9999999;9999999999;grupoasd123@grupoasd.com.co;1603;;1603;4;1603
1374;1;GRUPO ASD;Cunday;SIN INFORMACION;9999999;9999999999;grupoasd123@grupoasd.com.co;1374;;1374;4;1374
1401;1;GRUPO ASD;Espinal;SIN INFORMACION;9999999;9999999999;grupoasd123@grupoasd.com.co;1401;;1401;4;1401
1638;1;GRUPO ASD;Ibague (Departamental);SIN INFORMACION;9999999;9999999999;grupoasd123@grupoasd.com.co;1638;;1638;4;1638
3065;1;GRUPO ASD;Libano;SIN INFORMACION;9999999;9999999999;grupoasd123@grupoasd.com.co;3065;;3065;4;3065
1482;1;GRUPO ASD;Mariquita;SIN INFORMACION;9999999;9999999999;grupoasd123@grupoasd.com.co;1482;;1482;4;1482
2008;1;GRUPO ASD;Planadas - Tolima;SIN INFORMACION;9999999;9999999999;grupoasd123@grupoasd.com.co;2008;;2008;4;2008
1483;1;GRUPO ASD;Purificacion;SIN INFORMACION;9999999;9999999999;grupoasd123@grupoasd.com.co;1483;;1483;4;1483
2009;1;GRUPO ASD;Rioblanco- Tolima;SIN INFORMACION;9999999;9999999999;grupoasd123@grupoasd.com.co;2009;;2009;4;2009
1445;1;GRUPO ASD;Tulua;SIN INFORMACION;9999999;9999999999;grupoasd123@grupoasd.com.co;1445;;1445;4;1445
1484;1;GRUPO ASD;Tumaco;SIN INFORMACION;9999999;9999999999;grupoasd123@grupoasd.com.co;1484;;1484;4;1484
1422;1;GRUPO ASD;Tunja - Punto 1;SIN INFORMACION;9999999;9999999999;grupoasd123@grupoasd.com.co;1422;;1422;4;1422
1347;1;GRUPO ASD;Turbo;SIN INFORMACION;9999999;9999999999;grupoasd123@grupoasd.com.co;1347;;1347;4;1347
1606;1;GRUPO ASD;Uribia;SIN INFORMACION;9999999;9999999999;grupoasd123@grupoasd.com.co;1606;;1606;4;1606
1613;1;GRUPO ASD;Guadalajara De Buga (Gagem 3 - Departamental);SIN INFORMACION;9999999;9999999999;grupoasd123@grupoasd.com.co;1613;;1613;4;1613
1413;1;GRUPO ASD;Cali - Gagem 1;SIN INFORMACION;9999999;9999999999;grupoasd123@grupoasd.com.co;1413;;1413;4;1413
1491;1;GRUPO ASD;Cartago (Gagem 8 - Departamental);SIN INFORMACION;9999999;9999999999;grupoasd123@grupoasd.com.co;1491;;1491;4;1491
1414;1;GRUPO ASD;Palmira (Gagem 2 - Departamental);SIN INFORMACION;9999999;9999999999;grupoasd123@grupoasd.com.co;1414;;1414;4;1414
1376;1;GRUPO ASD;Roldanillo;SIN INFORMACION;9999999;9999999999;grupoasd123@grupoasd.com.co;1376;;1376;4;1376
1444;1;GRUPO ASD;Sevilla;SIN INFORMACION;9999999;9999999999;grupoasd123@grupoasd.com.co;1444;;1444;4;1444
1614;1;GRUPO ASD;Tulua (Gagem 4 - Departamental);SIN INFORMACION;9999999;9999999999;grupoasd123@grupoasd.com.co;1614;;1614;4;1614
1490;1;GRUPO ASD;Gagem Zarzal;SIN INFORMACION;9999999;9999999999;grupoasd123@grupoasd.com.co;1490;;1490;4;1490
1558;1;GRUPO ASD;Valledupar;SIN INFORMACION;9999999;9999999999;grupoasd123@grupoasd.com.co;1558;;1558;4;1558
1604;1;GRUPO ASD;Mitu;SIN INFORMACION;9999999;9999999999;grupoasd123@grupoasd.com.co;1604;;1604;4;1604
1605;1;GRUPO ASD;Cumaribo;SIN INFORMACION;9999999;9999999999;grupoasd123@grupoasd.com.co;1605;;1605;4;1605
1436;1;GRUPO ASD;La Primavera;SIN INFORMACION;9999999;9999999999;grupoasd123@grupoasd.com.co;1436;;1436;4;1436
1568;1;GRUPO ASD;Puerto Carreno;SIN INFORMACION;9999999;9999999999;grupoasd123@grupoasd.com.co;1568;;1568;4;1568
1472;1;GRUPO ASD;Villavicencio ;SIN INFORMACION;9999999;9999999999;grupoasd123@grupoasd.com.co;1472;;1472;4;1472
1660;1;GRUPO ASD;Yopal;SIN INFORMACION;9999999;9999999999;grupoasd123@grupoasd.com.co;1660;;1660;4;1660
3019;1;GRUPO ASD;Yumbo;SIN INFORMACION;9999999;9999999999;grupoasd123@grupoasd.com.co;3019;;3019;4;3019
1535;1;GRUPO ASD;Zipaquira;SIN INFORMACION;9999999;9999999999;grupoasd123@grupoasd.com.co;1535;;1535;4;1535
